Government level,State/UT,Ministry,Department,Category,Source name,Official URL,API URL,Has API,Formats,Has schemes,Has facility DB,Has registration data,Data fields,Update frequency,Reuse/licensing,Access method,Research status,Notes,Last checked
central,,MeitY / NIC,Open Government Data (OGD) Platform India,mixed,data.gov.in,https://www.data.gov.in,https://api.data.gov.in,Y,api; csv; excel; json; xml,N,N,N,Varied datasets published by ministries/states,Varies by dataset,"GODL-India (Government Open Data License – India): commercial + non-commercial reuse permitted, with attribution.",Free API key (32-char) or bulk download,researched,Single-point access to datasets from all ministries/states. Best programmatic entry point; search for facility/scheme datasets here first.,2026-08-09
central,,MeitY / NeGD,myScheme,schemes,myScheme,https://www.myscheme.gov.in,,N,html,Y,N,N,Scheme name; Category; Level (central/state); Eligibility; Benefits; Documents required; Application URL; State/UT,Ongoing,Reuse terms not stated — confirm before redistribution.,Portal search (no documented open API),researched,2300+ Central & State/UT schemes across 15 categories. Internal JSON API exists but is not officially published — do not scrape without confirming terms.,2026-08-09
central,,MeitY / NIC,National Portal of India,mixed,India.gov.in,https://www.india.gov.in,,N,html,Y,N,N,Government services directory; Scheme links; Department links,,Confirm; largely links to source departments.,Portal,partial,Directory/aggregator; use to discover authoritative department sources.,2026-08-09
central,,NITI Aayog / NIC,NGO DARPAN,registration,NGO DARPAN,https://ngodarpan.gov.in,,N,html,Y,N,Y,NGO/VO name; DARPAN ID (Unique ID); Registration type; Sector/field of work; State/district; Contact,Ongoing (voluntary registration),Confirm; some NGO data mirrored on data.gov.in.,Portal search (no official public API),researched,National NGO/VO database + grant-scheme listings. Primary source for NGO discovery & the org-verification badge.,2026-08-09
central,,Ministry of Rural Development,National Social Assistance Programme (NSAP),schemes,NSAP Portal,https://nsap.nic.in,,N,html; pdf,Y,N,N,Scheme (IGNOAPS/IGNWPS/IGNDPS/NFBS/Annapurna); Beneficiary category; Eligibility; Benefit amount; State/district reports,Periodic,Public scheme information; confirm bulk reuse.,Portal + reports; beneficiary data via state portals,researched,"Central pensions for old age (IGNOAPS), widows (IGNWPS), disability (IGNDPS), plus NFBS & Annapurna. Implemented via states.",2026-08-09
central,,Ministry of Women & Child Development,Mission Vatsalya,facilities,Mission Vatsalya,https://missionvatsalya.wcd.gov.in,,N,html; pdf,Y,Y,Y,"Child Care Institution (CCI) name; Type (children's home, open shelter, observation home, SAA, etc.); JJ Act registration; Capacity; District/state",Ongoing,Restricted; child-safety sensitive.,Portal (state/district/institution login) + guideline PDFs,researched,Child Care Institutions under the JJ (Care & Protection) Act 2015. Requires strong verification & safety handling for children's data.,2026-08-09
central,,Ministry of Women & Child Development,Central Adoption Resource Authority (CARA),facilities,CARA,https://cara.wcd.gov.in,,N,html; pdf,N,Y,Y,Specialized Adoption Agency (SAA) name; State/district; Recognition status; Contact,Ongoing,Restricted; adoption-sensitive.,Portal + PDF lists,researched,Adoption regulator; authoritative list of Specialized Adoption Agencies.,2026-08-09
central,,Ministry of Social Justice & Empowerment,Dept. of Social Justice & Empowerment — Senior Citizens / SAGE,mixed,SAGE (Seniorcare Ageing Growth Engine),https://scw.dosje.gov.in,,N,html,Y,N,N,Senior-care products & services; Startups; IPSrC (old-age home grants),,Confirm.,Portal,researched,SAGE lists credible senior-care startups/services. IPSrC (Integrated Programme for Senior Citizens) funds old-age homes via NGOs. Elderline helpline 14567.,2026-08-09
central,,Ministry of Social Justice & Empowerment,DEPwD — Manoashraya dashboard,facilities,Manoashraya (Mental Health Institutions dashboard),https://halfwayhomes.disabilityaffairs.gov.in,,N,html,N,Y,N,Mental health institution; Rehabilitation home; Halfway home; State/UT; Counts/occupancy,Uploaded by States/UTs,Government dashboard; confirm reuse.,Portal / dashboard,researched,"DEPwD dashboard created per Supreme Court directions — mental-health institutions, rehabilitation & halfway homes. Key source for the mental-health category.",2026-08-09
central,,Ministry of Social Justice & Empowerment,Dept. of Empowerment of Persons with Disabilities (DEPwD),mixed,DEPwD,https://depwd.gov.in,,N,html; pdf,Y,Y,N,"Disability schemes (ADIP, DDRS); District Disability Rehabilitation Centres (DDRCs); National Institutes",,Confirm.,Portal + PDF,researched,"Disability schemes, DDRCs, National Institutes, assistive-device (ADIP) scheme.",2026-08-09
central,,Ministry of Social Justice & Empowerment,DEPwD — Unique Disability ID (UDID),registration,UDID / Swavlamban Card,https://www.swavlambancard.gov.in,,N,html,N,N,Y,PwD name; UDID number; Disability type & %; District; Disability certificate,,Personal data — NOT open. Aggregate statistics only.,Portal (individual login),researched,National PwD registration database + disability certificate issuance. Do not ingest personal records; use only aggregate stats.,2026-08-09
central,,Ministry of Women & Child Development,Mission Shakti (Sambal & Samarthya),mixed,Mission Shakti,https://missionshakti.wcd.gov.in,,N,html,Y,Y,N,One Stop Centre (Sakhi); Women Helpline 181; Shakti Sadan (women in distress/widows); Sakhi Niwas (working women hostel),,Confirm.,Portal,partial,Women-safety & empowerment. Shakti Sadan supports women in distress incl. widows. Confirm exact portal URL/datasets.,2026-08-09
central,,Ministry of Housing & Urban Affairs,DAY-NULM — Shelters for Urban Homeless (SUH),facilities,DAY-NULM (Urban Homeless Shelters),https://nulm.gov.in,,N,html; pdf,Y,Y,N,Shelter for Urban Homeless; City/ULB; Capacity; Type,,Confirm.,Portal + reports,partial,Primary source for the homeless/destitute category in urban areas.,2026-08-09
central,,Ministry of Health & Family Welfare,National Mental Health Programme / Tele-MANAS,mixed,MoHFW — Mental Health,https://www.mohfw.gov.in,,N,html; pdf,Y,Y,N,Mental health programmes; Tele-MANAS (14416); Hospitals/facilities,,Confirm.,Portal,partial,National Mental Health Programme; Tele-MANAS helpline 14416.,2026-08-09
central,,Ministry of Rural Development,Ministry of Rural Development,schemes,Ministry of Rural Development,https://rural.nic.in,,N,html,Y,N,N,Ministry schemes & programmes (to be inventoried),,,Portal,partial,Named in memory.md. Inventory relevant schemes/datasets for target beneficiary groups.,2026-08-09
central,,Ministry of Housing & Urban Affairs,Ministry of Housing & Urban Affairs,schemes,Ministry of Housing & Urban Affairs,https://mohua.gov.in,,N,html,Y,N,N,Ministry schemes & programmes (to be inventoried),,,Portal,partial,Named in memory.md. Inventory relevant schemes/datasets for target beneficiary groups.,2026-08-09
central,,Ministry of Labour & Employment,Ministry of Labour & Employment,schemes,Ministry of Labour & Employment,https://labour.gov.in,,N,html,Y,N,N,Ministry schemes & programmes (to be inventoried),,,Portal,partial,Named in memory.md. Inventory relevant schemes/datasets for target beneficiary groups.,2026-08-09
central,,Ministry of Tribal Affairs,Ministry of Tribal Affairs,schemes,Ministry of Tribal Affairs,https://tribal.nic.in,,N,html,Y,N,N,Ministry schemes & programmes (to be inventoried),,,Portal,partial,Named in memory.md. Inventory relevant schemes/datasets for target beneficiary groups.,2026-08-09
central,,Ministry of Minority Affairs,Ministry of Minority Affairs,schemes,Ministry of Minority Affairs,https://minorityaffairs.gov.in,,N,html,Y,N,N,Ministry schemes & programmes (to be inventoried),,,Portal,partial,Named in memory.md. Inventory relevant schemes/datasets for target beneficiary groups.,2026-08-09
central,,Ministry of Education,Ministry of Education,schemes,Ministry of Education,https://www.education.gov.in,,N,html,Y,N,N,Ministry schemes & programmes (to be inventoried),,,Portal,partial,Named in memory.md. Inventory relevant schemes/datasets for target beneficiary groups.,2026-08-09
central,,Ministry of Ayush,Ministry of Ayush,schemes,Ministry of Ayush,https://ayush.gov.in,,N,html,Y,N,N,Ministry schemes & programmes (to be inventoried),,,Portal,partial,Named in memory.md. Inventory relevant schemes/datasets for target beneficiary groups.,2026-08-09
central,,Ministry of Skill Development & Entrepreneurship,Ministry of Skill Development & Entrepreneurship,schemes,Ministry of Skill Development & Entrepreneurship,https://www.msde.gov.in,,N,html,Y,N,N,Ministry schemes & programmes (to be inventoried),,,Portal,partial,Named in memory.md. Inventory relevant schemes/datasets for target beneficiary groups.,2026-08-09
state,Uttar Pradesh,,Social Welfare Dept. — Integrated Pension Portal (SSPY),schemes,UP SSPY (Samajik Suraksha Pension Yojana),https://sspy-up.gov.in,,N,html,Y,N,Y,Old-age pension; Widow (Nirashrit Mahila) pension; Disability pension; Beneficiary lists (district/block),Ongoing,Public beneficiary lists; confirm bulk reuse.,Portal (pension application + beneficiary search),researched,"Single portal for UP old-age, widow (Nirashrit Mahila) and disability pensions. Pilot priority for senior + widow groups.",2026-08-09
state,Uttar Pradesh,,Dept. of Women & Child Development / Bal Vikas Seva Evam Pushtahar,mixed,UP Women & Child Development,https://balvikasup.gov.in,,N,html; pdf,Y,Y,Y,Child Care Institutions; Sponsorship/Foster care; Women & child schemes,,Confirm.,Portal + PDF,partial,UP CCIs & child/women schemes (Mission Vatsalya + Mission Shakti at state level). Confirm exact portal URL.,2026-08-09
state,Uttar Pradesh,,Dept. for the Empowerment of Persons with Disabilities (Divyangjan),mixed,UP Divyangjan Sashaktikaran Vibhag,https://divyangjan.upsdc.gov.in,,N,html,Y,Y,N,Disability pension/schemes; DDRCs; Special schools,,Confirm.,Portal,partial,UP disability schemes and facilities. Confirm portal URL & datasets.,2026-08-09
state,Andhra Pradesh,,Social Welfare Department,mixed,Andhra Pradesh — Social Welfare Department,,,N,,Y,Y,N,Old-age/widow/disability pensions; Old-age homes; Welfare schemes,,,,skeleton,"To research: confirm official portal URL, datasets, formats, reuse/licensing terms.",
state,Andhra Pradesh,,Women & Child Development Department,mixed,Andhra Pradesh — Women & Child Development Department,,,N,,Y,Y,Y,Child Care Institutions; One Stop Centres; Women & child schemes,,,,skeleton,"To research: confirm official portal URL, datasets, formats, reuse/licensing terms.",
state,Andhra Pradesh,,Health & Family Welfare Department,facilities,Andhra Pradesh — Health & Family Welfare Department,,,N,,Y,Y,N,Hospitals; Mental health facilities; Health schemes,,,,skeleton,"To research: confirm official portal URL, datasets, formats, reuse/licensing terms.",
state,Andhra Pradesh,,Disability / Divyangjan Commissionerate,mixed,Andhra Pradesh — Disability / Divyangjan Commissionerate,,,N,,Y,Y,N,DDRCs; Special schools; Disability certificates & schemes,,,,skeleton,"To research: confirm official portal URL, datasets, formats, reuse/licensing terms.",
state,Andhra Pradesh,,Rural Development Department,schemes,Andhra Pradesh — Rural Development Department,,,N,,Y,N,N,NSAP pension implementation; Rural welfare schemes,,,,skeleton,"To research: confirm official portal URL, datasets, formats, reuse/licensing terms.",
state,Andhra Pradesh,,Urban Development / Municipal (Homeless Shelters),facilities,Andhra Pradesh — Urban Development / Municipal (Homeless Shelters),,,N,,N,Y,N,Shelters for Urban Homeless (DAY-NULM); Night shelters,,,,skeleton,"To research: confirm official portal URL, datasets, formats, reuse/licensing terms.",
state,Arunachal Pradesh,,Social Welfare Department,mixed,Arunachal Pradesh — Social Welfare Department,,,N,,Y,Y,N,Old-age/widow/disability pensions; Old-age homes; Welfare schemes,,,,skeleton,"To research: confirm official portal URL, datasets, formats, reuse/licensing terms.",
state,Arunachal Pradesh,,Women & Child Development Department,mixed,Arunachal Pradesh — Women & Child Development Department,,,N,,Y,Y,Y,Child Care Institutions; One Stop Centres; Women & child schemes,,,,skeleton,"To research: confirm official portal URL, datasets, formats, reuse/licensing terms.",
state,Arunachal Pradesh,,Health & Family Welfare Department,facilities,Arunachal Pradesh — Health & Family Welfare Department,,,N,,Y,Y,N,Hospitals; Mental health facilities; Health schemes,,,,skeleton,"To research: confirm official portal URL, datasets, formats, reuse/licensing terms.",
state,Arunachal Pradesh,,Disability / Divyangjan Commissionerate,mixed,Arunachal Pradesh — Disability / Divyangjan Commissionerate,,,N,,Y,Y,N,DDRCs; Special schools; Disability certificates & schemes,,,,skeleton,"To research: confirm official portal URL, datasets, formats, reuse/licensing terms.",
state,Arunachal Pradesh,,Rural Development Department,schemes,Arunachal Pradesh — Rural Development Department,,,N,,Y,N,N,NSAP pension implementation; Rural welfare schemes,,,,skeleton,"To research: confirm official portal URL, datasets, formats, reuse/licensing terms.",
state,Arunachal Pradesh,,Urban Development / Municipal (Homeless Shelters),facilities,Arunachal Pradesh — Urban Development / Municipal (Homeless Shelters),,,N,,N,Y,N,Shelters for Urban Homeless (DAY-NULM); Night shelters,,,,skeleton,"To research: confirm official portal URL, datasets, formats, reuse/licensing terms.",
state,Assam,,Social Welfare Department,mixed,Assam — Social Welfare Department,,,N,,Y,Y,N,Old-age/widow/disability pensions; Old-age homes; Welfare schemes,,,,skeleton,"To research: confirm official portal URL, datasets, formats, reuse/licensing terms.",
state,Assam,,Women & Child Development Department,mixed,Assam — Women & Child Development Department,,,N,,Y,Y,Y,Child Care Institutions; One Stop Centres; Women & child schemes,,,,skeleton,"To research: confirm official portal URL, datasets, formats, reuse/licensing terms.",
state,Assam,,Health & Family Welfare Department,facilities,Assam — Health & Family Welfare Department,,,N,,Y,Y,N,Hospitals; Mental health facilities; Health schemes,,,,skeleton,"To research: confirm official portal URL, datasets, formats, reuse/licensing terms.",
state,Assam,,Disability / Divyangjan Commissionerate,mixed,Assam — Disability / Divyangjan Commissionerate,,,N,,Y,Y,N,DDRCs; Special schools; Disability certificates & schemes,,,,skeleton,"To research: confirm official portal URL, datasets, formats, reuse/licensing terms.",
state,Assam,,Rural Development Department,schemes,Assam — Rural Development Department,,,N,,Y,N,N,NSAP pension implementation; Rural welfare schemes,,,,skeleton,"To research: confirm official portal URL, datasets, formats, reuse/licensing terms.",
state,Assam,,Urban Development / Municipal (Homeless Shelters),facilities,Assam — Urban Development / Municipal (Homeless Shelters),,,N,,N,Y,N,Shelters for Urban Homeless (DAY-NULM); Night shelters,,,,skeleton,"To research: confirm official portal URL, datasets, formats, reuse/licensing terms.",
state,Bihar,,Social Welfare Department,mixed,Bihar — Social Welfare Department,,,N,,Y,Y,N,Old-age/widow/disability pensions; Old-age homes; Welfare schemes,,,,skeleton,"To research: confirm official portal URL, datasets, formats, reuse/licensing terms.",
state,Bihar,,Women & Child Development Department,mixed,Bihar — Women & Child Development Department,,,N,,Y,Y,Y,Child Care Institutions; One Stop Centres; Women & child schemes,,,,skeleton,"To research: confirm official portal URL, datasets, formats, reuse/licensing terms.",
state,Bihar,,Health & Family Welfare Department,facilities,Bihar — Health & Family Welfare Department,,,N,,Y,Y,N,Hospitals; Mental health facilities; Health schemes,,,,skeleton,"To research: confirm official portal URL, datasets, formats, reuse/licensing terms.",
state,Bihar,,Disability / Divyangjan Commissionerate,mixed,Bihar — Disability / Divyangjan Commissionerate,,,N,,Y,Y,N,DDRCs; Special schools; Disability certificates & schemes,,,,skeleton,"To research: confirm official portal URL, datasets, formats, reuse/licensing terms.",
state,Bihar,,Rural Development Department,schemes,Bihar — Rural Development Department,,,N,,Y,N,N,NSAP pension implementation; Rural welfare schemes,,,,skeleton,"To research: confirm official portal URL, datasets, formats, reuse/licensing terms.",
state,Bihar,,Urban Development / Municipal (Homeless Shelters),facilities,Bihar — Urban Development / Municipal (Homeless Shelters),,,N,,N,Y,N,Shelters for Urban Homeless (DAY-NULM); Night shelters,,,,skeleton,"To research: confirm official portal URL, datasets, formats, reuse/licensing terms.",
state,Chhattisgarh,,Social Welfare Department,mixed,Chhattisgarh — Social Welfare Department,,,N,,Y,Y,N,Old-age/widow/disability pensions; Old-age homes; Welfare schemes,,,,skeleton,"To research: confirm official portal URL, datasets, formats, reuse/licensing terms.",
state,Chhattisgarh,,Women & Child Development Department,mixed,Chhattisgarh — Women & Child Development Department,,,N,,Y,Y,Y,Child Care Institutions; One Stop Centres; Women & child schemes,,,,skeleton,"To research: confirm official portal URL, datasets, formats, reuse/licensing terms.",
state,Chhattisgarh,,Health & Family Welfare Department,facilities,Chhattisgarh — Health & Family Welfare Department,,,N,,Y,Y,N,Hospitals; Mental health facilities; Health schemes,,,,skeleton,"To research: confirm official portal URL, datasets, formats, reuse/licensing terms.",
state,Chhattisgarh,,Disability / Divyangjan Commissionerate,mixed,Chhattisgarh — Disability / Divyangjan Commissionerate,,,N,,Y,Y,N,DDRCs; Special schools; Disability certificates & schemes,,,,skeleton,"To research: confirm official portal URL, datasets, formats, reuse/licensing terms.",
state,Chhattisgarh,,Rural Development Department,schemes,Chhattisgarh — Rural Development Department,,,N,,Y,N,N,NSAP pension implementation; Rural welfare schemes,,,,skeleton,"To research: confirm official portal URL, datasets, formats, reuse/licensing terms.",
state,Chhattisgarh,,Urban Development / Municipal (Homeless Shelters),facilities,Chhattisgarh — Urban Development / Municipal (Homeless Shelters),,,N,,N,Y,N,Shelters for Urban Homeless (DAY-NULM); Night shelters,,,,skeleton,"To research: confirm official portal URL, datasets, formats, reuse/licensing terms.",
state,Goa,,Social Welfare Department,mixed,Goa — Social Welfare Department,,,N,,Y,Y,N,Old-age/widow/disability pensions; Old-age homes; Welfare schemes,,,,skeleton,"To research: confirm official portal URL, datasets, formats, reuse/licensing terms.",
state,Goa,,Women & Child Development Department,mixed,Goa — Women & Child Development Department,,,N,,Y,Y,Y,Child Care Institutions; One Stop Centres; Women & child schemes,,,,skeleton,"To research: confirm official portal URL, datasets, formats, reuse/licensing terms.",
state,Goa,,Health & Family Welfare Department,facilities,Goa — Health & Family Welfare Department,,,N,,Y,Y,N,Hospitals; Mental health facilities; Health schemes,,,,skeleton,"To research: confirm official portal URL, datasets, formats, reuse/licensing terms.",
state,Goa,,Disability / Divyangjan Commissionerate,mixed,Goa — Disability / Divyangjan Commissionerate,,,N,,Y,Y,N,DDRCs; Special schools; Disability certificates & schemes,,,,skeleton,"To research: confirm official portal URL, datasets, formats, reuse/licensing terms.",
state,Goa,,Rural Development Department,schemes,Goa — Rural Development Department,,,N,,Y,N,N,NSAP pension implementation; Rural welfare schemes,,,,skeleton,"To research: confirm official portal URL, datasets, formats, reuse/licensing terms.",
state,Goa,,Urban Development / Municipal (Homeless Shelters),facilities,Goa — Urban Development / Municipal (Homeless Shelters),,,N,,N,Y,N,Shelters for Urban Homeless (DAY-NULM); Night shelters,,,,skeleton,"To research: confirm official portal URL, datasets, formats, reuse/licensing terms.",
state,Gujarat,,Social Welfare Department,mixed,Gujarat — Social Welfare Department,,,N,,Y,Y,N,Old-age/widow/disability pensions; Old-age homes; Welfare schemes,,,,skeleton,"To research: confirm official portal URL, datasets, formats, reuse/licensing terms.",
state,Gujarat,,Women & Child Development Department,mixed,Gujarat — Women & Child Development Department,,,N,,Y,Y,Y,Child Care Institutions; One Stop Centres; Women & child schemes,,,,skeleton,"To research: confirm official portal URL, datasets, formats, reuse/licensing terms.",
state,Gujarat,,Health & Family Welfare Department,facilities,Gujarat — Health & Family Welfare Department,,,N,,Y,Y,N,Hospitals; Mental health facilities; Health schemes,,,,skeleton,"To research: confirm official portal URL, datasets, formats, reuse/licensing terms.",
state,Gujarat,,Disability / Divyangjan Commissionerate,mixed,Gujarat — Disability / Divyangjan Commissionerate,,,N,,Y,Y,N,DDRCs; Special schools; Disability certificates & schemes,,,,skeleton,"To research: confirm official portal URL, datasets, formats, reuse/licensing terms.",
state,Gujarat,,Rural Development Department,schemes,Gujarat — Rural Development Department,,,N,,Y,N,N,NSAP pension implementation; Rural welfare schemes,,,,skeleton,"To research: confirm official portal URL, datasets, formats, reuse/licensing terms.",
state,Gujarat,,Urban Development / Municipal (Homeless Shelters),facilities,Gujarat — Urban Development / Municipal (Homeless Shelters),,,N,,N,Y,N,Shelters for Urban Homeless (DAY-NULM); Night shelters,,,,skeleton,"To research: confirm official portal URL, datasets, formats, reuse/licensing terms.",
state,Haryana,,Social Welfare Department,mixed,Haryana — Social Welfare Department,,,N,,Y,Y,N,Old-age/widow/disability pensions; Old-age homes; Welfare schemes,,,,skeleton,"To research: confirm official portal URL, datasets, formats, reuse/licensing terms.",
state,Haryana,,Women & Child Development Department,mixed,Haryana — Women & Child Development Department,,,N,,Y,Y,Y,Child Care Institutions; One Stop Centres; Women & child schemes,,,,skeleton,"To research: confirm official portal URL, datasets, formats, reuse/licensing terms.",
state,Haryana,,Health & Family Welfare Department,facilities,Haryana — Health & Family Welfare Department,,,N,,Y,Y,N,Hospitals; Mental health facilities; Health schemes,,,,skeleton,"To research: confirm official portal URL, datasets, formats, reuse/licensing terms.",
state,Haryana,,Disability / Divyangjan Commissionerate,mixed,Haryana — Disability / Divyangjan Commissionerate,,,N,,Y,Y,N,DDRCs; Special schools; Disability certificates & schemes,,,,skeleton,"To research: confirm official portal URL, datasets, formats, reuse/licensing terms.",
state,Haryana,,Rural Development Department,schemes,Haryana — Rural Development Department,,,N,,Y,N,N,NSAP pension implementation; Rural welfare schemes,,,,skeleton,"To research: confirm official portal URL, datasets, formats, reuse/licensing terms.",
state,Haryana,,Urban Development / Municipal (Homeless Shelters),facilities,Haryana — Urban Development / Municipal (Homeless Shelters),,,N,,N,Y,N,Shelters for Urban Homeless (DAY-NULM); Night shelters,,,,skeleton,"To research: confirm official portal URL, datasets, formats, reuse/licensing terms.",
state,Himachal Pradesh,,Social Welfare Department,mixed,Himachal Pradesh — Social Welfare Department,,,N,,Y,Y,N,Old-age/widow/disability pensions; Old-age homes; Welfare schemes,,,,skeleton,"To research: confirm official portal URL, datasets, formats, reuse/licensing terms.",
state,Himachal Pradesh,,Women & Child Development Department,mixed,Himachal Pradesh — Women & Child Development Department,,,N,,Y,Y,Y,Child Care Institutions; One Stop Centres; Women & child schemes,,,,skeleton,"To research: confirm official portal URL, datasets, formats, reuse/licensing terms.",
state,Himachal Pradesh,,Health & Family Welfare Department,facilities,Himachal Pradesh — Health & Family Welfare Department,,,N,,Y,Y,N,Hospitals; Mental health facilities; Health schemes,,,,skeleton,"To research: confirm official portal URL, datasets, formats, reuse/licensing terms.",
state,Himachal Pradesh,,Disability / Divyangjan Commissionerate,mixed,Himachal Pradesh — Disability / Divyangjan Commissionerate,,,N,,Y,Y,N,DDRCs; Special schools; Disability certificates & schemes,,,,skeleton,"To research: confirm official portal URL, datasets, formats, reuse/licensing terms.",
state,Himachal Pradesh,,Rural Development Department,schemes,Himachal Pradesh — Rural Development Department,,,N,,Y,N,N,NSAP pension implementation; Rural welfare schemes,,,,skeleton,"To research: confirm official portal URL, datasets, formats, reuse/licensing terms.",
state,Himachal Pradesh,,Urban Development / Municipal (Homeless Shelters),facilities,Himachal Pradesh — Urban Development / Municipal (Homeless Shelters),,,N,,N,Y,N,Shelters for Urban Homeless (DAY-NULM); Night shelters,,,,skeleton,"To research: confirm official portal URL, datasets, formats, reuse/licensing terms.",
state,Jharkhand,,Social Welfare Department,mixed,Jharkhand — Social Welfare Department,,,N,,Y,Y,N,Old-age/widow/disability pensions; Old-age homes; Welfare schemes,,,,skeleton,"To research: confirm official portal URL, datasets, formats, reuse/licensing terms.",
state,Jharkhand,,Women & Child Development Department,mixed,Jharkhand — Women & Child Development Department,,,N,,Y,Y,Y,Child Care Institutions; One Stop Centres; Women & child schemes,,,,skeleton,"To research: confirm official portal URL, datasets, formats, reuse/licensing terms.",
state,Jharkhand,,Health & Family Welfare Department,facilities,Jharkhand — Health & Family Welfare Department,,,N,,Y,Y,N,Hospitals; Mental health facilities; Health schemes,,,,skeleton,"To research: confirm official portal URL, datasets, formats, reuse/licensing terms.",
state,Jharkhand,,Disability / Divyangjan Commissionerate,mixed,Jharkhand — Disability / Divyangjan Commissionerate,,,N,,Y,Y,N,DDRCs; Special schools; Disability certificates & schemes,,,,skeleton,"To research: confirm official portal URL, datasets, formats, reuse/licensing terms.",
state,Jharkhand,,Rural Development Department,schemes,Jharkhand — Rural Development Department,,,N,,Y,N,N,NSAP pension implementation; Rural welfare schemes,,,,skeleton,"To research: confirm official portal URL, datasets, formats, reuse/licensing terms.",
state,Jharkhand,,Urban Development / Municipal (Homeless Shelters),facilities,Jharkhand — Urban Development / Municipal (Homeless Shelters),,,N,,N,Y,N,Shelters for Urban Homeless (DAY-NULM); Night shelters,,,,skeleton,"To research: confirm official portal URL, datasets, formats, reuse/licensing terms.",
state,Karnataka,,Social Welfare Department,mixed,Karnataka — Social Welfare Department,,,N,,Y,Y,N,Old-age/widow/disability pensions; Old-age homes; Welfare schemes,,,,skeleton,"To research: confirm official portal URL, datasets, formats, reuse/licensing terms.",
state,Karnataka,,Women & Child Development Department,mixed,Karnataka — Women & Child Development Department,,,N,,Y,Y,Y,Child Care Institutions; One Stop Centres; Women & child schemes,,,,skeleton,"To research: confirm official portal URL, datasets, formats, reuse/licensing terms.",
state,Karnataka,,Health & Family Welfare Department,facilities,Karnataka — Health & Family Welfare Department,,,N,,Y,Y,N,Hospitals; Mental health facilities; Health schemes,,,,skeleton,"To research: confirm official portal URL, datasets, formats, reuse/licensing terms.",
state,Karnataka,,Disability / Divyangjan Commissionerate,mixed,Karnataka — Disability / Divyangjan Commissionerate,,,N,,Y,Y,N,DDRCs; Special schools; Disability certificates & schemes,,,,skeleton,"To research: confirm official portal URL, datasets, formats, reuse/licensing terms.",
state,Karnataka,,Rural Development Department,schemes,Karnataka — Rural Development Department,,,N,,Y,N,N,NSAP pension implementation; Rural welfare schemes,,,,skeleton,"To research: confirm official portal URL, datasets, formats, reuse/licensing terms.",
state,Karnataka,,Urban Development / Municipal (Homeless Shelters),facilities,Karnataka — Urban Development / Municipal (Homeless Shelters),,,N,,N,Y,N,Shelters for Urban Homeless (DAY-NULM); Night shelters,,,,skeleton,"To research: confirm official portal URL, datasets, formats, reuse/licensing terms.",
state,Kerala,,Social Welfare Department,mixed,Kerala — Social Welfare Department,,,N,,Y,Y,N,Old-age/widow/disability pensions; Old-age homes; Welfare schemes,,,,skeleton,"To research: confirm official portal URL, datasets, formats, reuse/licensing terms.",
state,Kerala,,Women & Child Development Department,mixed,Kerala — Women & Child Development Department,,,N,,Y,Y,Y,Child Care Institutions; One Stop Centres; Women & child schemes,,,,skeleton,"To research: confirm official portal URL, datasets, formats, reuse/licensing terms.",
state,Kerala,,Health & Family Welfare Department,facilities,Kerala — Health & Family Welfare Department,,,N,,Y,Y,N,Hospitals; Mental health facilities; Health schemes,,,,skeleton,"To research: confirm official portal URL, datasets, formats, reuse/licensing terms.",
state,Kerala,,Disability / Divyangjan Commissionerate,mixed,Kerala — Disability / Divyangjan Commissionerate,,,N,,Y,Y,N,DDRCs; Special schools; Disability certificates & schemes,,,,skeleton,"To research: confirm official portal URL, datasets, formats, reuse/licensing terms.",
state,Kerala,,Rural Development Department,schemes,Kerala — Rural Development Department,,,N,,Y,N,N,NSAP pension implementation; Rural welfare schemes,,,,skeleton,"To research: confirm official portal URL, datasets, formats, reuse/licensing terms.",
state,Kerala,,Urban Development / Municipal (Homeless Shelters),facilities,Kerala — Urban Development / Municipal (Homeless Shelters),,,N,,N,Y,N,Shelters for Urban Homeless (DAY-NULM); Night shelters,,,,skeleton,"To research: confirm official portal URL, datasets, formats, reuse/licensing terms.",
state,Madhya Pradesh,,Social Welfare Department,mixed,Madhya Pradesh — Social Welfare Department,,,N,,Y,Y,N,Old-age/widow/disability pensions; Old-age homes; Welfare schemes,,,,skeleton,"To research: confirm official portal URL, datasets, formats, reuse/licensing terms.",
state,Madhya Pradesh,,Women & Child Development Department,mixed,Madhya Pradesh — Women & Child Development Department,,,N,,Y,Y,Y,Child Care Institutions; One Stop Centres; Women & child schemes,,,,skeleton,"To research: confirm official portal URL, datasets, formats, reuse/licensing terms.",
state,Madhya Pradesh,,Health & Family Welfare Department,facilities,Madhya Pradesh — Health & Family Welfare Department,,,N,,Y,Y,N,Hospitals; Mental health facilities; Health schemes,,,,skeleton,"To research: confirm official portal URL, datasets, formats, reuse/licensing terms.",
state,Madhya Pradesh,,Disability / Divyangjan Commissionerate,mixed,Madhya Pradesh — Disability / Divyangjan Commissionerate,,,N,,Y,Y,N,DDRCs; Special schools; Disability certificates & schemes,,,,skeleton,"To research: confirm official portal URL, datasets, formats, reuse/licensing terms.",
state,Madhya Pradesh,,Rural Development Department,schemes,Madhya Pradesh — Rural Development Department,,,N,,Y,N,N,NSAP pension implementation; Rural welfare schemes,,,,skeleton,"To research: confirm official portal URL, datasets, formats, reuse/licensing terms.",
state,Madhya Pradesh,,Urban Development / Municipal (Homeless Shelters),facilities,Madhya Pradesh — Urban Development / Municipal (Homeless Shelters),,,N,,N,Y,N,Shelters for Urban Homeless (DAY-NULM); Night shelters,,,,skeleton,"To research: confirm official portal URL, datasets, formats, reuse/licensing terms.",
state,Maharashtra,,Social Welfare Department,mixed,Maharashtra — Social Welfare Department,,,N,,Y,Y,N,Old-age/widow/disability pensions; Old-age homes; Welfare schemes,,,,skeleton,"To research: confirm official portal URL, datasets, formats, reuse/licensing terms.",
state,Maharashtra,,Women & Child Development Department,mixed,Maharashtra — Women & Child Development Department,,,N,,Y,Y,Y,Child Care Institutions; One Stop Centres; Women & child schemes,,,,skeleton,"To research: confirm official portal URL, datasets, formats, reuse/licensing terms.",
state,Maharashtra,,Health & Family Welfare Department,facilities,Maharashtra — Health & Family Welfare Department,,,N,,Y,Y,N,Hospitals; Mental health facilities; Health schemes,,,,skeleton,"To research: confirm official portal URL, datasets, formats, reuse/licensing terms.",
state,Maharashtra,,Disability / Divyangjan Commissionerate,mixed,Maharashtra — Disability / Divyangjan Commissionerate,,,N,,Y,Y,N,DDRCs; Special schools; Disability certificates & schemes,,,,skeleton,"To research: confirm official portal URL, datasets, formats, reuse/licensing terms.",
state,Maharashtra,,Rural Development Department,schemes,Maharashtra — Rural Development Department,,,N,,Y,N,N,NSAP pension implementation; Rural welfare schemes,,,,skeleton,"To research: confirm official portal URL, datasets, formats, reuse/licensing terms.",
state,Maharashtra,,Urban Development / Municipal (Homeless Shelters),facilities,Maharashtra — Urban Development / Municipal (Homeless Shelters),,,N,,N,Y,N,Shelters for Urban Homeless (DAY-NULM); Night shelters,,,,skeleton,"To research: confirm official portal URL, datasets, formats, reuse/licensing terms.",
state,Manipur,,Social Welfare Department,mixed,Manipur — Social Welfare Department,,,N,,Y,Y,N,Old-age/widow/disability pensions; Old-age homes; Welfare schemes,,,,skeleton,"To research: confirm official portal URL, datasets, formats, reuse/licensing terms.",
state,Manipur,,Women & Child Development Department,mixed,Manipur — Women & Child Development Department,,,N,,Y,Y,Y,Child Care Institutions; One Stop Centres; Women & child schemes,,,,skeleton,"To research: confirm official portal URL, datasets, formats, reuse/licensing terms.",
state,Manipur,,Health & Family Welfare Department,facilities,Manipur — Health & Family Welfare Department,,,N,,Y,Y,N,Hospitals; Mental health facilities; Health schemes,,,,skeleton,"To research: confirm official portal URL, datasets, formats, reuse/licensing terms.",
state,Manipur,,Disability / Divyangjan Commissionerate,mixed,Manipur — Disability / Divyangjan Commissionerate,,,N,,Y,Y,N,DDRCs; Special schools; Disability certificates & schemes,,,,skeleton,"To research: confirm official portal URL, datasets, formats, reuse/licensing terms.",
state,Manipur,,Rural Development Department,schemes,Manipur — Rural Development Department,,,N,,Y,N,N,NSAP pension implementation; Rural welfare schemes,,,,skeleton,"To research: confirm official portal URL, datasets, formats, reuse/licensing terms.",
state,Manipur,,Urban Development / Municipal (Homeless Shelters),facilities,Manipur — Urban Development / Municipal (Homeless Shelters),,,N,,N,Y,N,Shelters for Urban Homeless (DAY-NULM); Night shelters,,,,skeleton,"To research: confirm official portal URL, datasets, formats, reuse/licensing terms.",
state,Meghalaya,,Social Welfare Department,mixed,Meghalaya — Social Welfare Department,,,N,,Y,Y,N,Old-age/widow/disability pensions; Old-age homes; Welfare schemes,,,,skeleton,"To research: confirm official portal URL, datasets, formats, reuse/licensing terms.",
state,Meghalaya,,Women & Child Development Department,mixed,Meghalaya — Women & Child Development Department,,,N,,Y,Y,Y,Child Care Institutions; One Stop Centres; Women & child schemes,,,,skeleton,"To research: confirm official portal URL, datasets, formats, reuse/licensing terms.",
state,Meghalaya,,Health & Family Welfare Department,facilities,Meghalaya — Health & Family Welfare Department,,,N,,Y,Y,N,Hospitals; Mental health facilities; Health schemes,,,,skeleton,"To research: confirm official portal URL, datasets, formats, reuse/licensing terms.",
state,Meghalaya,,Disability / Divyangjan Commissionerate,mixed,Meghalaya — Disability / Divyangjan Commissionerate,,,N,,Y,Y,N,DDRCs; Special schools; Disability certificates & schemes,,,,skeleton,"To research: confirm official portal URL, datasets, formats, reuse/licensing terms.",
state,Meghalaya,,Rural Development Department,schemes,Meghalaya — Rural Development Department,,,N,,Y,N,N,NSAP pension implementation; Rural welfare schemes,,,,skeleton,"To research: confirm official portal URL, datasets, formats, reuse/licensing terms.",
state,Meghalaya,,Urban Development / Municipal (Homeless Shelters),facilities,Meghalaya — Urban Development / Municipal (Homeless Shelters),,,N,,N,Y,N,Shelters for Urban Homeless (DAY-NULM); Night shelters,,,,skeleton,"To research: confirm official portal URL, datasets, formats, reuse/licensing terms.",
state,Mizoram,,Social Welfare Department,mixed,Mizoram — Social Welfare Department,,,N,,Y,Y,N,Old-age/widow/disability pensions; Old-age homes; Welfare schemes,,,,skeleton,"To research: confirm official portal URL, datasets, formats, reuse/licensing terms.",
state,Mizoram,,Women & Child Development Department,mixed,Mizoram — Women & Child Development Department,,,N,,Y,Y,Y,Child Care Institutions; One Stop Centres; Women & child schemes,,,,skeleton,"To research: confirm official portal URL, datasets, formats, reuse/licensing terms.",
state,Mizoram,,Health & Family Welfare Department,facilities,Mizoram — Health & Family Welfare Department,,,N,,Y,Y,N,Hospitals; Mental health facilities; Health schemes,,,,skeleton,"To research: confirm official portal URL, datasets, formats, reuse/licensing terms.",
state,Mizoram,,Disability / Divyangjan Commissionerate,mixed,Mizoram — Disability / Divyangjan Commissionerate,,,N,,Y,Y,N,DDRCs; Special schools; Disability certificates & schemes,,,,skeleton,"To research: confirm official portal URL, datasets, formats, reuse/licensing terms.",
state,Mizoram,,Rural Development Department,schemes,Mizoram — Rural Development Department,,,N,,Y,N,N,NSAP pension implementation; Rural welfare schemes,,,,skeleton,"To research: confirm official portal URL, datasets, formats, reuse/licensing terms.",
state,Mizoram,,Urban Development / Municipal (Homeless Shelters),facilities,Mizoram — Urban Development / Municipal (Homeless Shelters),,,N,,N,Y,N,Shelters for Urban Homeless (DAY-NULM); Night shelters,,,,skeleton,"To research: confirm official portal URL, datasets, formats, reuse/licensing terms.",
state,Nagaland,,Social Welfare Department,mixed,Nagaland — Social Welfare Department,,,N,,Y,Y,N,Old-age/widow/disability pensions; Old-age homes; Welfare schemes,,,,skeleton,"To research: confirm official portal URL, datasets, formats, reuse/licensing terms.",
state,Nagaland,,Women & Child Development Department,mixed,Nagaland — Women & Child Development Department,,,N,,Y,Y,Y,Child Care Institutions; One Stop Centres; Women & child schemes,,,,skeleton,"To research: confirm official portal URL, datasets, formats, reuse/licensing terms.",
state,Nagaland,,Health & Family Welfare Department,facilities,Nagaland — Health & Family Welfare Department,,,N,,Y,Y,N,Hospitals; Mental health facilities; Health schemes,,,,skeleton,"To research: confirm official portal URL, datasets, formats, reuse/licensing terms.",
state,Nagaland,,Disability / Divyangjan Commissionerate,mixed,Nagaland — Disability / Divyangjan Commissionerate,,,N,,Y,Y,N,DDRCs; Special schools; Disability certificates & schemes,,,,skeleton,"To research: confirm official portal URL, datasets, formats, reuse/licensing terms.",
state,Nagaland,,Rural Development Department,schemes,Nagaland — Rural Development Department,,,N,,Y,N,N,NSAP pension implementation; Rural welfare schemes,,,,skeleton,"To research: confirm official portal URL, datasets, formats, reuse/licensing terms.",
state,Nagaland,,Urban Development / Municipal (Homeless Shelters),facilities,Nagaland — Urban Development / Municipal (Homeless Shelters),,,N,,N,Y,N,Shelters for Urban Homeless (DAY-NULM); Night shelters,,,,skeleton,"To research: confirm official portal URL, datasets, formats, reuse/licensing terms.",
state,Odisha,,Social Welfare Department,mixed,Odisha — Social Welfare Department,,,N,,Y,Y,N,Old-age/widow/disability pensions; Old-age homes; Welfare schemes,,,,skeleton,"To research: confirm official portal URL, datasets, formats, reuse/licensing terms.",
state,Odisha,,Women & Child Development Department,mixed,Odisha — Women & Child Development Department,,,N,,Y,Y,Y,Child Care Institutions; One Stop Centres; Women & child schemes,,,,skeleton,"To research: confirm official portal URL, datasets, formats, reuse/licensing terms.",
state,Odisha,,Health & Family Welfare Department,facilities,Odisha — Health & Family Welfare Department,,,N,,Y,Y,N,Hospitals; Mental health facilities; Health schemes,,,,skeleton,"To research: confirm official portal URL, datasets, formats, reuse/licensing terms.",
state,Odisha,,Disability / Divyangjan Commissionerate,mixed,Odisha — Disability / Divyangjan Commissionerate,,,N,,Y,Y,N,DDRCs; Special schools; Disability certificates & schemes,,,,skeleton,"To research: confirm official portal URL, datasets, formats, reuse/licensing terms.",
state,Odisha,,Rural Development Department,schemes,Odisha — Rural Development Department,,,N,,Y,N,N,NSAP pension implementation; Rural welfare schemes,,,,skeleton,"To research: confirm official portal URL, datasets, formats, reuse/licensing terms.",
state,Odisha,,Urban Development / Municipal (Homeless Shelters),facilities,Odisha — Urban Development / Municipal (Homeless Shelters),,,N,,N,Y,N,Shelters for Urban Homeless (DAY-NULM); Night shelters,,,,skeleton,"To research: confirm official portal URL, datasets, formats, reuse/licensing terms.",
state,Punjab,,Social Welfare Department,mixed,Punjab — Social Welfare Department,,,N,,Y,Y,N,Old-age/widow/disability pensions; Old-age homes; Welfare schemes,,,,skeleton,"To research: confirm official portal URL, datasets, formats, reuse/licensing terms.",
state,Punjab,,Women & Child Development Department,mixed,Punjab — Women & Child Development Department,,,N,,Y,Y,Y,Child Care Institutions; One Stop Centres; Women & child schemes,,,,skeleton,"To research: confirm official portal URL, datasets, formats, reuse/licensing terms.",
state,Punjab,,Health & Family Welfare Department,facilities,Punjab — Health & Family Welfare Department,,,N,,Y,Y,N,Hospitals; Mental health facilities; Health schemes,,,,skeleton,"To research: confirm official portal URL, datasets, formats, reuse/licensing terms.",
state,Punjab,,Disability / Divyangjan Commissionerate,mixed,Punjab — Disability / Divyangjan Commissionerate,,,N,,Y,Y,N,DDRCs; Special schools; Disability certificates & schemes,,,,skeleton,"To research: confirm official portal URL, datasets, formats, reuse/licensing terms.",
state,Punjab,,Rural Development Department,schemes,Punjab — Rural Development Department,,,N,,Y,N,N,NSAP pension implementation; Rural welfare schemes,,,,skeleton,"To research: confirm official portal URL, datasets, formats, reuse/licensing terms.",
state,Punjab,,Urban Development / Municipal (Homeless Shelters),facilities,Punjab — Urban Development / Municipal (Homeless Shelters),,,N,,N,Y,N,Shelters for Urban Homeless (DAY-NULM); Night shelters,,,,skeleton,"To research: confirm official portal URL, datasets, formats, reuse/licensing terms.",
state,Rajasthan,,Social Welfare Department,mixed,Rajasthan — Social Welfare Department,,,N,,Y,Y,N,Old-age/widow/disability pensions; Old-age homes; Welfare schemes,,,,skeleton,"To research: confirm official portal URL, datasets, formats, reuse/licensing terms.",
state,Rajasthan,,Women & Child Development Department,mixed,Rajasthan — Women & Child Development Department,,,N,,Y,Y,Y,Child Care Institutions; One Stop Centres; Women & child schemes,,,,skeleton,"To research: confirm official portal URL, datasets, formats, reuse/licensing terms.",
state,Rajasthan,,Health & Family Welfare Department,facilities,Rajasthan — Health & Family Welfare Department,,,N,,Y,Y,N,Hospitals; Mental health facilities; Health schemes,,,,skeleton,"To research: confirm official portal URL, datasets, formats, reuse/licensing terms.",
state,Rajasthan,,Disability / Divyangjan Commissionerate,mixed,Rajasthan — Disability / Divyangjan Commissionerate,,,N,,Y,Y,N,DDRCs; Special schools; Disability certificates & schemes,,,,skeleton,"To research: confirm official portal URL, datasets, formats, reuse/licensing terms.",
state,Rajasthan,,Rural Development Department,schemes,Rajasthan — Rural Development Department,,,N,,Y,N,N,NSAP pension implementation; Rural welfare schemes,,,,skeleton,"To research: confirm official portal URL, datasets, formats, reuse/licensing terms.",
state,Rajasthan,,Urban Development / Municipal (Homeless Shelters),facilities,Rajasthan — Urban Development / Municipal (Homeless Shelters),,,N,,N,Y,N,Shelters for Urban Homeless (DAY-NULM); Night shelters,,,,skeleton,"To research: confirm official portal URL, datasets, formats, reuse/licensing terms.",
state,Sikkim,,Social Welfare Department,mixed,Sikkim — Social Welfare Department,,,N,,Y,Y,N,Old-age/widow/disability pensions; Old-age homes; Welfare schemes,,,,skeleton,"To research: confirm official portal URL, datasets, formats, reuse/licensing terms.",
state,Sikkim,,Women & Child Development Department,mixed,Sikkim — Women & Child Development Department,,,N,,Y,Y,Y,Child Care Institutions; One Stop Centres; Women & child schemes,,,,skeleton,"To research: confirm official portal URL, datasets, formats, reuse/licensing terms.",
state,Sikkim,,Health & Family Welfare Department,facilities,Sikkim — Health & Family Welfare Department,,,N,,Y,Y,N,Hospitals; Mental health facilities; Health schemes,,,,skeleton,"To research: confirm official portal URL, datasets, formats, reuse/licensing terms.",
state,Sikkim,,Disability / Divyangjan Commissionerate,mixed,Sikkim — Disability / Divyangjan Commissionerate,,,N,,Y,Y,N,DDRCs; Special schools; Disability certificates & schemes,,,,skeleton,"To research: confirm official portal URL, datasets, formats, reuse/licensing terms.",
state,Sikkim,,Rural Development Department,schemes,Sikkim — Rural Development Department,,,N,,Y,N,N,NSAP pension implementation; Rural welfare schemes,,,,skeleton,"To research: confirm official portal URL, datasets, formats, reuse/licensing terms.",
state,Sikkim,,Urban Development / Municipal (Homeless Shelters),facilities,Sikkim — Urban Development / Municipal (Homeless Shelters),,,N,,N,Y,N,Shelters for Urban Homeless (DAY-NULM); Night shelters,,,,skeleton,"To research: confirm official portal URL, datasets, formats, reuse/licensing terms.",
state,Tamil Nadu,,Social Welfare Department,mixed,Tamil Nadu — Social Welfare Department,,,N,,Y,Y,N,Old-age/widow/disability pensions; Old-age homes; Welfare schemes,,,,skeleton,"To research: confirm official portal URL, datasets, formats, reuse/licensing terms.",
state,Tamil Nadu,,Women & Child Development Department,mixed,Tamil Nadu — Women & Child Development Department,,,N,,Y,Y,Y,Child Care Institutions; One Stop Centres; Women & child schemes,,,,skeleton,"To research: confirm official portal URL, datasets, formats, reuse/licensing terms.",
state,Tamil Nadu,,Health & Family Welfare Department,facilities,Tamil Nadu — Health & Family Welfare Department,,,N,,Y,Y,N,Hospitals; Mental health facilities; Health schemes,,,,skeleton,"To research: confirm official portal URL, datasets, formats, reuse/licensing terms.",
state,Tamil Nadu,,Disability / Divyangjan Commissionerate,mixed,Tamil Nadu — Disability / Divyangjan Commissionerate,,,N,,Y,Y,N,DDRCs; Special schools; Disability certificates & schemes,,,,skeleton,"To research: confirm official portal URL, datasets, formats, reuse/licensing terms.",
state,Tamil Nadu,,Rural Development Department,schemes,Tamil Nadu — Rural Development Department,,,N,,Y,N,N,NSAP pension implementation; Rural welfare schemes,,,,skeleton,"To research: confirm official portal URL, datasets, formats, reuse/licensing terms.",
state,Tamil Nadu,,Urban Development / Municipal (Homeless Shelters),facilities,Tamil Nadu — Urban Development / Municipal (Homeless Shelters),,,N,,N,Y,N,Shelters for Urban Homeless (DAY-NULM); Night shelters,,,,skeleton,"To research: confirm official portal URL, datasets, formats, reuse/licensing terms.",
state,Telangana,,Social Welfare Department,mixed,Telangana — Social Welfare Department,,,N,,Y,Y,N,Old-age/widow/disability pensions; Old-age homes; Welfare schemes,,,,skeleton,"To research: confirm official portal URL, datasets, formats, reuse/licensing terms.",
state,Telangana,,Women & Child Development Department,mixed,Telangana — Women & Child Development Department,,,N,,Y,Y,Y,Child Care Institutions; One Stop Centres; Women & child schemes,,,,skeleton,"To research: confirm official portal URL, datasets, formats, reuse/licensing terms.",
state,Telangana,,Health & Family Welfare Department,facilities,Telangana — Health & Family Welfare Department,,,N,,Y,Y,N,Hospitals; Mental health facilities; Health schemes,,,,skeleton,"To research: confirm official portal URL, datasets, formats, reuse/licensing terms.",
state,Telangana,,Disability / Divyangjan Commissionerate,mixed,Telangana — Disability / Divyangjan Commissionerate,,,N,,Y,Y,N,DDRCs; Special schools; Disability certificates & schemes,,,,skeleton,"To research: confirm official portal URL, datasets, formats, reuse/licensing terms.",
state,Telangana,,Rural Development Department,schemes,Telangana — Rural Development Department,,,N,,Y,N,N,NSAP pension implementation; Rural welfare schemes,,,,skeleton,"To research: confirm official portal URL, datasets, formats, reuse/licensing terms.",
state,Telangana,,Urban Development / Municipal (Homeless Shelters),facilities,Telangana — Urban Development / Municipal (Homeless Shelters),,,N,,N,Y,N,Shelters for Urban Homeless (DAY-NULM); Night shelters,,,,skeleton,"To research: confirm official portal URL, datasets, formats, reuse/licensing terms.",
state,Tripura,,Social Welfare Department,mixed,Tripura — Social Welfare Department,,,N,,Y,Y,N,Old-age/widow/disability pensions; Old-age homes; Welfare schemes,,,,skeleton,"To research: confirm official portal URL, datasets, formats, reuse/licensing terms.",
state,Tripura,,Women & Child Development Department,mixed,Tripura — Women & Child Development Department,,,N,,Y,Y,Y,Child Care Institutions; One Stop Centres; Women & child schemes,,,,skeleton,"To research: confirm official portal URL, datasets, formats, reuse/licensing terms.",
state,Tripura,,Health & Family Welfare Department,facilities,Tripura — Health & Family Welfare Department,,,N,,Y,Y,N,Hospitals; Mental health facilities; Health schemes,,,,skeleton,"To research: confirm official portal URL, datasets, formats, reuse/licensing terms.",
state,Tripura,,Disability / Divyangjan Commissionerate,mixed,Tripura — Disability / Divyangjan Commissionerate,,,N,,Y,Y,N,DDRCs; Special schools; Disability certificates & schemes,,,,skeleton,"To research: confirm official portal URL, datasets, formats, reuse/licensing terms.",
state,Tripura,,Rural Development Department,schemes,Tripura — Rural Development Department,,,N,,Y,N,N,NSAP pension implementation; Rural welfare schemes,,,,skeleton,"To research: confirm official portal URL, datasets, formats, reuse/licensing terms.",
state,Tripura,,Urban Development / Municipal (Homeless Shelters),facilities,Tripura — Urban Development / Municipal (Homeless Shelters),,,N,,N,Y,N,Shelters for Urban Homeless (DAY-NULM); Night shelters,,,,skeleton,"To research: confirm official portal URL, datasets, formats, reuse/licensing terms.",
state,Uttarakhand,,Social Welfare Department,mixed,Uttarakhand — Social Welfare Department,,,N,,Y,Y,N,Old-age/widow/disability pensions; Old-age homes; Welfare schemes,,,,skeleton,"To research: confirm official portal URL, datasets, formats, reuse/licensing terms.",
state,Uttarakhand,,Women & Child Development Department,mixed,Uttarakhand — Women & Child Development Department,,,N,,Y,Y,Y,Child Care Institutions; One Stop Centres; Women & child schemes,,,,skeleton,"To research: confirm official portal URL, datasets, formats, reuse/licensing terms.",
state,Uttarakhand,,Health & Family Welfare Department,facilities,Uttarakhand — Health & Family Welfare Department,,,N,,Y,Y,N,Hospitals; Mental health facilities; Health schemes,,,,skeleton,"To research: confirm official portal URL, datasets, formats, reuse/licensing terms.",
state,Uttarakhand,,Disability / Divyangjan Commissionerate,mixed,Uttarakhand — Disability / Divyangjan Commissionerate,,,N,,Y,Y,N,DDRCs; Special schools; Disability certificates & schemes,,,,skeleton,"To research: confirm official portal URL, datasets, formats, reuse/licensing terms.",
state,Uttarakhand,,Rural Development Department,schemes,Uttarakhand — Rural Development Department,,,N,,Y,N,N,NSAP pension implementation; Rural welfare schemes,,,,skeleton,"To research: confirm official portal URL, datasets, formats, reuse/licensing terms.",
state,Uttarakhand,,Urban Development / Municipal (Homeless Shelters),facilities,Uttarakhand — Urban Development / Municipal (Homeless Shelters),,,N,,N,Y,N,Shelters for Urban Homeless (DAY-NULM); Night shelters,,,,skeleton,"To research: confirm official portal URL, datasets, formats, reuse/licensing terms.",
state,West Bengal,,Social Welfare Department,mixed,West Bengal — Social Welfare Department,,,N,,Y,Y,N,Old-age/widow/disability pensions; Old-age homes; Welfare schemes,,,,skeleton,"To research: confirm official portal URL, datasets, formats, reuse/licensing terms.",
state,West Bengal,,Women & Child Development Department,mixed,West Bengal — Women & Child Development Department,,,N,,Y,Y,Y,Child Care Institutions; One Stop Centres; Women & child schemes,,,,skeleton,"To research: confirm official portal URL, datasets, formats, reuse/licensing terms.",
state,West Bengal,,Health & Family Welfare Department,facilities,West Bengal — Health & Family Welfare Department,,,N,,Y,Y,N,Hospitals; Mental health facilities; Health schemes,,,,skeleton,"To research: confirm official portal URL, datasets, formats, reuse/licensing terms.",
state,West Bengal,,Disability / Divyangjan Commissionerate,mixed,West Bengal — Disability / Divyangjan Commissionerate,,,N,,Y,Y,N,DDRCs; Special schools; Disability certificates & schemes,,,,skeleton,"To research: confirm official portal URL, datasets, formats, reuse/licensing terms.",
state,West Bengal,,Rural Development Department,schemes,West Bengal — Rural Development Department,,,N,,Y,N,N,NSAP pension implementation; Rural welfare schemes,,,,skeleton,"To research: confirm official portal URL, datasets, formats, reuse/licensing terms.",
state,West Bengal,,Urban Development / Municipal (Homeless Shelters),facilities,West Bengal — Urban Development / Municipal (Homeless Shelters),,,N,,N,Y,N,Shelters for Urban Homeless (DAY-NULM); Night shelters,,,,skeleton,"To research: confirm official portal URL, datasets, formats, reuse/licensing terms.",
ut,Andaman and Nicobar Islands,,Social Welfare Department,mixed,Andaman and Nicobar Islands — Social Welfare Department,,,N,,Y,Y,N,Old-age/widow/disability pensions; Old-age homes; Welfare schemes,,,,skeleton,"To research: confirm official portal URL, datasets, formats, reuse/licensing terms.",
ut,Andaman and Nicobar Islands,,Women & Child Development Department,mixed,Andaman and Nicobar Islands — Women & Child Development Department,,,N,,Y,Y,Y,Child Care Institutions; One Stop Centres; Women & child schemes,,,,skeleton,"To research: confirm official portal URL, datasets, formats, reuse/licensing terms.",
ut,Andaman and Nicobar Islands,,Health & Family Welfare Department,facilities,Andaman and Nicobar Islands — Health & Family Welfare Department,,,N,,Y,Y,N,Hospitals; Mental health facilities; Health schemes,,,,skeleton,"To research: confirm official portal URL, datasets, formats, reuse/licensing terms.",
ut,Andaman and Nicobar Islands,,Disability / Divyangjan Commissionerate,mixed,Andaman and Nicobar Islands — Disability / Divyangjan Commissionerate,,,N,,Y,Y,N,DDRCs; Special schools; Disability certificates & schemes,,,,skeleton,"To research: confirm official portal URL, datasets, formats, reuse/licensing terms.",
ut,Andaman and Nicobar Islands,,Rural Development Department,schemes,Andaman and Nicobar Islands — Rural Development Department,,,N,,Y,N,N,NSAP pension implementation; Rural welfare schemes,,,,skeleton,"To research: confirm official portal URL, datasets, formats, reuse/licensing terms.",
ut,Andaman and Nicobar Islands,,Urban Development / Municipal (Homeless Shelters),facilities,Andaman and Nicobar Islands — Urban Development / Municipal (Homeless Shelters),,,N,,N,Y,N,Shelters for Urban Homeless (DAY-NULM); Night shelters,,,,skeleton,"To research: confirm official portal URL, datasets, formats, reuse/licensing terms.",
ut,Chandigarh,,Social Welfare Department,mixed,Chandigarh — Social Welfare Department,,,N,,Y,Y,N,Old-age/widow/disability pensions; Old-age homes; Welfare schemes,,,,skeleton,"To research: confirm official portal URL, datasets, formats, reuse/licensing terms.",
ut,Chandigarh,,Women & Child Development Department,mixed,Chandigarh — Women & Child Development Department,,,N,,Y,Y,Y,Child Care Institutions; One Stop Centres; Women & child schemes,,,,skeleton,"To research: confirm official portal URL, datasets, formats, reuse/licensing terms.",
ut,Chandigarh,,Health & Family Welfare Department,facilities,Chandigarh — Health & Family Welfare Department,,,N,,Y,Y,N,Hospitals; Mental health facilities; Health schemes,,,,skeleton,"To research: confirm official portal URL, datasets, formats, reuse/licensing terms.",
ut,Chandigarh,,Disability / Divyangjan Commissionerate,mixed,Chandigarh — Disability / Divyangjan Commissionerate,,,N,,Y,Y,N,DDRCs; Special schools; Disability certificates & schemes,,,,skeleton,"To research: confirm official portal URL, datasets, formats, reuse/licensing terms.",
ut,Chandigarh,,Rural Development Department,schemes,Chandigarh — Rural Development Department,,,N,,Y,N,N,NSAP pension implementation; Rural welfare schemes,,,,skeleton,"To research: confirm official portal URL, datasets, formats, reuse/licensing terms.",
ut,Chandigarh,,Urban Development / Municipal (Homeless Shelters),facilities,Chandigarh — Urban Development / Municipal (Homeless Shelters),,,N,,N,Y,N,Shelters for Urban Homeless (DAY-NULM); Night shelters,,,,skeleton,"To research: confirm official portal URL, datasets, formats, reuse/licensing terms.",
ut,Dadra and Nagar Haveli and Daman and Diu,,Social Welfare Department,mixed,Dadra and Nagar Haveli and Daman and Diu — Social Welfare Department,,,N,,Y,Y,N,Old-age/widow/disability pensions; Old-age homes; Welfare schemes,,,,skeleton,"To research: confirm official portal URL, datasets, formats, reuse/licensing terms.",
ut,Dadra and Nagar Haveli and Daman and Diu,,Women & Child Development Department,mixed,Dadra and Nagar Haveli and Daman and Diu — Women & Child Development Department,,,N,,Y,Y,Y,Child Care Institutions; One Stop Centres; Women & child schemes,,,,skeleton,"To research: confirm official portal URL, datasets, formats, reuse/licensing terms.",
ut,Dadra and Nagar Haveli and Daman and Diu,,Health & Family Welfare Department,facilities,Dadra and Nagar Haveli and Daman and Diu — Health & Family Welfare Department,,,N,,Y,Y,N,Hospitals; Mental health facilities; Health schemes,,,,skeleton,"To research: confirm official portal URL, datasets, formats, reuse/licensing terms.",
ut,Dadra and Nagar Haveli and Daman and Diu,,Disability / Divyangjan Commissionerate,mixed,Dadra and Nagar Haveli and Daman and Diu — Disability / Divyangjan Commissionerate,,,N,,Y,Y,N,DDRCs; Special schools; Disability certificates & schemes,,,,skeleton,"To research: confirm official portal URL, datasets, formats, reuse/licensing terms.",
ut,Dadra and Nagar Haveli and Daman and Diu,,Rural Development Department,schemes,Dadra and Nagar Haveli and Daman and Diu — Rural Development Department,,,N,,Y,N,N,NSAP pension implementation; Rural welfare schemes,,,,skeleton,"To research: confirm official portal URL, datasets, formats, reuse/licensing terms.",
ut,Dadra and Nagar Haveli and Daman and Diu,,Urban Development / Municipal (Homeless Shelters),facilities,Dadra and Nagar Haveli and Daman and Diu — Urban Development / Municipal (Homeless Shelters),,,N,,N,Y,N,Shelters for Urban Homeless (DAY-NULM); Night shelters,,,,skeleton,"To research: confirm official portal URL, datasets, formats, reuse/licensing terms.",
ut,Delhi,,Social Welfare Department,mixed,Delhi — Social Welfare Department,,,N,,Y,Y,N,Old-age/widow/disability pensions; Old-age homes; Welfare schemes,,,,skeleton,"To research: confirm official portal URL, datasets, formats, reuse/licensing terms.",
ut,Delhi,,Women & Child Development Department,mixed,Delhi — Women & Child Development Department,,,N,,Y,Y,Y,Child Care Institutions; One Stop Centres; Women & child schemes,,,,skeleton,"To research: confirm official portal URL, datasets, formats, reuse/licensing terms.",
ut,Delhi,,Health & Family Welfare Department,facilities,Delhi — Health & Family Welfare Department,,,N,,Y,Y,N,Hospitals; Mental health facilities; Health schemes,,,,skeleton,"To research: confirm official portal URL, datasets, formats, reuse/licensing terms.",
ut,Delhi,,Disability / Divyangjan Commissionerate,mixed,Delhi — Disability / Divyangjan Commissionerate,,,N,,Y,Y,N,DDRCs; Special schools; Disability certificates & schemes,,,,skeleton,"To research: confirm official portal URL, datasets, formats, reuse/licensing terms.",
ut,Delhi,,Rural Development Department,schemes,Delhi — Rural Development Department,,,N,,Y,N,N,NSAP pension implementation; Rural welfare schemes,,,,skeleton,"To research: confirm official portal URL, datasets, formats, reuse/licensing terms.",
ut,Delhi,,Urban Development / Municipal (Homeless Shelters),facilities,Delhi — Urban Development / Municipal (Homeless Shelters),,,N,,N,Y,N,Shelters for Urban Homeless (DAY-NULM); Night shelters,,,,skeleton,"To research: confirm official portal URL, datasets, formats, reuse/licensing terms.",
ut,Jammu and Kashmir,,Social Welfare Department,mixed,Jammu and Kashmir — Social Welfare Department,,,N,,Y,Y,N,Old-age/widow/disability pensions; Old-age homes; Welfare schemes,,,,skeleton,"To research: confirm official portal URL, datasets, formats, reuse/licensing terms.",
ut,Jammu and Kashmir,,Women & Child Development Department,mixed,Jammu and Kashmir — Women & Child Development Department,,,N,,Y,Y,Y,Child Care Institutions; One Stop Centres; Women & child schemes,,,,skeleton,"To research: confirm official portal URL, datasets, formats, reuse/licensing terms.",
ut,Jammu and Kashmir,,Health & Family Welfare Department,facilities,Jammu and Kashmir — Health & Family Welfare Department,,,N,,Y,Y,N,Hospitals; Mental health facilities; Health schemes,,,,skeleton,"To research: confirm official portal URL, datasets, formats, reuse/licensing terms.",
ut,Jammu and Kashmir,,Disability / Divyangjan Commissionerate,mixed,Jammu and Kashmir — Disability / Divyangjan Commissionerate,,,N,,Y,Y,N,DDRCs; Special schools; Disability certificates & schemes,,,,skeleton,"To research: confirm official portal URL, datasets, formats, reuse/licensing terms.",
ut,Jammu and Kashmir,,Rural Development Department,schemes,Jammu and Kashmir — Rural Development Department,,,N,,Y,N,N,NSAP pension implementation; Rural welfare schemes,,,,skeleton,"To research: confirm official portal URL, datasets, formats, reuse/licensing terms.",
ut,Jammu and Kashmir,,Urban Development / Municipal (Homeless Shelters),facilities,Jammu and Kashmir — Urban Development / Municipal (Homeless Shelters),,,N,,N,Y,N,Shelters for Urban Homeless (DAY-NULM); Night shelters,,,,skeleton,"To research: confirm official portal URL, datasets, formats, reuse/licensing terms.",
ut,Ladakh,,Social Welfare Department,mixed,Ladakh — Social Welfare Department,,,N,,Y,Y,N,Old-age/widow/disability pensions; Old-age homes; Welfare schemes,,,,skeleton,"To research: confirm official portal URL, datasets, formats, reuse/licensing terms.",
ut,Ladakh,,Women & Child Development Department,mixed,Ladakh — Women & Child Development Department,,,N,,Y,Y,Y,Child Care Institutions; One Stop Centres; Women & child schemes,,,,skeleton,"To research: confirm official portal URL, datasets, formats, reuse/licensing terms.",
ut,Ladakh,,Health & Family Welfare Department,facilities,Ladakh — Health & Family Welfare Department,,,N,,Y,Y,N,Hospitals; Mental health facilities; Health schemes,,,,skeleton,"To research: confirm official portal URL, datasets, formats, reuse/licensing terms.",
ut,Ladakh,,Disability / Divyangjan Commissionerate,mixed,Ladakh — Disability / Divyangjan Commissionerate,,,N,,Y,Y,N,DDRCs; Special schools; Disability certificates & schemes,,,,skeleton,"To research: confirm official portal URL, datasets, formats, reuse/licensing terms.",
ut,Ladakh,,Rural Development Department,schemes,Ladakh — Rural Development Department,,,N,,Y,N,N,NSAP pension implementation; Rural welfare schemes,,,,skeleton,"To research: confirm official portal URL, datasets, formats, reuse/licensing terms.",
ut,Ladakh,,Urban Development / Municipal (Homeless Shelters),facilities,Ladakh — Urban Development / Municipal (Homeless Shelters),,,N,,N,Y,N,Shelters for Urban Homeless (DAY-NULM); Night shelters,,,,skeleton,"To research: confirm official portal URL, datasets, formats, reuse/licensing terms.",
ut,Lakshadweep,,Social Welfare Department,mixed,Lakshadweep — Social Welfare Department,,,N,,Y,Y,N,Old-age/widow/disability pensions; Old-age homes; Welfare schemes,,,,skeleton,"To research: confirm official portal URL, datasets, formats, reuse/licensing terms.",
ut,Lakshadweep,,Women & Child Development Department,mixed,Lakshadweep — Women & Child Development Department,,,N,,Y,Y,Y,Child Care Institutions; One Stop Centres; Women & child schemes,,,,skeleton,"To research: confirm official portal URL, datasets, formats, reuse/licensing terms.",
ut,Lakshadweep,,Health & Family Welfare Department,facilities,Lakshadweep — Health & Family Welfare Department,,,N,,Y,Y,N,Hospitals; Mental health facilities; Health schemes,,,,skeleton,"To research: confirm official portal URL, datasets, formats, reuse/licensing terms.",
ut,Lakshadweep,,Disability / Divyangjan Commissionerate,mixed,Lakshadweep — Disability / Divyangjan Commissionerate,,,N,,Y,Y,N,DDRCs; Special schools; Disability certificates & schemes,,,,skeleton,"To research: confirm official portal URL, datasets, formats, reuse/licensing terms.",
ut,Lakshadweep,,Rural Development Department,schemes,Lakshadweep — Rural Development Department,,,N,,Y,N,N,NSAP pension implementation; Rural welfare schemes,,,,skeleton,"To research: confirm official portal URL, datasets, formats, reuse/licensing terms.",
ut,Lakshadweep,,Urban Development / Municipal (Homeless Shelters),facilities,Lakshadweep — Urban Development / Municipal (Homeless Shelters),,,N,,N,Y,N,Shelters for Urban Homeless (DAY-NULM); Night shelters,,,,skeleton,"To research: confirm official portal URL, datasets, formats, reuse/licensing terms.",
ut,Puducherry,,Social Welfare Department,mixed,Puducherry — Social Welfare Department,,,N,,Y,Y,N,Old-age/widow/disability pensions; Old-age homes; Welfare schemes,,,,skeleton,"To research: confirm official portal URL, datasets, formats, reuse/licensing terms.",
ut,Puducherry,,Women & Child Development Department,mixed,Puducherry — Women & Child Development Department,,,N,,Y,Y,Y,Child Care Institutions; One Stop Centres; Women & child schemes,,,,skeleton,"To research: confirm official portal URL, datasets, formats, reuse/licensing terms.",
ut,Puducherry,,Health & Family Welfare Department,facilities,Puducherry — Health & Family Welfare Department,,,N,,Y,Y,N,Hospitals; Mental health facilities; Health schemes,,,,skeleton,"To research: confirm official portal URL, datasets, formats, reuse/licensing terms.",
ut,Puducherry,,Disability / Divyangjan Commissionerate,mixed,Puducherry — Disability / Divyangjan Commissionerate,,,N,,Y,Y,N,DDRCs; Special schools; Disability certificates & schemes,,,,skeleton,"To research: confirm official portal URL, datasets, formats, reuse/licensing terms.",
ut,Puducherry,,Rural Development Department,schemes,Puducherry — Rural Development Department,,,N,,Y,N,N,NSAP pension implementation; Rural welfare schemes,,,,skeleton,"To research: confirm official portal URL, datasets, formats, reuse/licensing terms.",
ut,Puducherry,,Urban Development / Municipal (Homeless Shelters),facilities,Puducherry — Urban Development / Municipal (Homeless Shelters),,,N,,N,Y,N,Shelters for Urban Homeless (DAY-NULM); Night shelters,,,,skeleton,"To research: confirm official portal URL, datasets, formats, reuse/licensing terms.",
